URL,Version,Status,OIDs,Name,Title,Description,Uses,Used,Sources
http://cts.nlm.nih.gov/fhir/ValueSet/2.16.840.1.113762.1.4.1010.4,20170601,active,,Medication Clinical Drug,,"","StructureDefinition/us-core-medicationrequest",
http://cts.nlm.nih.gov/fhir/ValueSet/2.16.840.1.113762.1.4.1099.30,20190418,active,,Care Team Member Function,,"","StructureDefinition/us-core-practitionerrole",
http://cts.nlm.nih.gov/fhir/ValueSet/2.16.840.1.113762.1.4.1115.41,20250407,active,"2.16.840.1.113762.1.4.1115.41",AdvanceHealthcareDirectiveDocumentTypesGrouper,Advance Healthcare Directive Document Types Grouper,"","StructureDefinition/us-core-adi-documentreference",
http://cts.nlm.nih.gov/fhir/ValueSet/2.16.840.1.113762.1.4.1240.12,20240906,active,"2.16.840.1.113762.1.4.1240.12",PregnancyStatusObservation,Pregnancy Status Observation,"","StructureDefinition/us-core-observation-pregnancystatus",
http://cts.nlm.nih.gov/fhir/ValueSet/2.16.840.1.113762.1.4.1267.22,20241015,active,"2.16.840.1.113762.1.4.1267.22",RouteOfAdministrationOfTherapeuticAgents,Route of Administration of Therapeutic Agents,"","StructureDefinition/us-core-medicationrequest",
http://cts.nlm.nih.gov/fhir/ValueSet/2.16.840.1.113883.11.20.9.69.4,20200604,active,,Advance Directives Categories,,"","StructureDefinition/us-core-adi-documentreference","LOINC"
http://cts.nlm.nih.gov/fhir/ValueSet/2.16.840.1.113883.3.88.12.80.62,20210630,active,,Vital Sign Result Type,,"","StructureDefinition/us-core-vital-signs","LOINC"
http://cts.nlm.nih.gov/fhir/ValueSet/2.16.840.1.114222.4.11.1066,C-CDA R2.1 2020-07-13,active,,HealthcareProviderTaxonomy,Healthcare Provider Taxonomy,"(Clinical Focus: Represent the ""type"" of health care provider individual or organization using the National Uniform Claims Committee (NUCC) code system),(Data Element Scope: The assignedEntity attribute),(Inclusion Criteria: All codes in the NUCC Provider Taxonomy code system),(Exclusion Criteria: None)","StructureDefinition/us-core-practitionerrole","Other"
http://hl7.org/fhir/ValueSet/c80-practice-codes,4.0.1,active,"2.16.840.1.113883.3.88.12.80.72",PracticeSettingCodeValueSet,Practice Setting Code Value Set,"This is the code representing the clinical specialty of the clinician or provider who interacted with, treated, or provided a service to/for the patient. The value set used for clinical specialty has been limited by HITSP to the value set reproduced from HITSP C80 Table 2-149 Clinical Specialty Value Set Definition.","StructureDefinition/us-core-practitionerrole","SCT"
http://hl7.org/fhir/ValueSet/document-reference-status,4.0.1,draft,"2.16.840.1.113883.4.642.3.7",DocumentReferenceStatus,DocumentReferenceStatus,"The status of the document reference.","StructureDefinition/us-core-adi-documentreference,StructureDefinition/us-core-documentreference","hl7.fhir.r4.core"
http://hl7.org/fhir/ValueSet/medicationrequest-category,4.0.1,draft,"2.16.840.1.113883.4.642.3.1322",medicationRequest Category Codes,Medication request  category  codes,"MedicationRequest Category Codes","StructureDefinition/us-core-medicationrequest","THO"
http://hl7.org/fhir/ValueSet/medicationrequest-intent,4.0.1,draft,"2.16.840.1.113883.4.642.3.1321",medicationRequest Intent,Medication request  intent,"MedicationRequest Intent Codes","StructureDefinition/us-core-medicationrequest","hl7.fhir.r4.core"
http://hl7.org/fhir/ValueSet/medicationrequest-status,4.0.1,draft,"2.16.840.1.113883.4.642.3.1320",medicationrequest Status,Medicationrequest  status,"MedicationRequest Status Codes","StructureDefinition/us-core-medicationrequest","hl7.fhir.r4.core"
http://hl7.org/fhir/ValueSet/ucum-common,4.0.1,draft,,Common UCUM units,,"Commonly encountered UCUM units (for purposes of helping populate look ups.","StructureDefinition/us-core-medicationrequest","UCUM"
http://hl7.org/fhir/ValueSet/ucum-vitals-common,4.0.1,draft,"2.16.840.1.113883.4.642.3.955",VitalSignsUnits,Vital Signs Units,"Common UCUM units for recording Vital Signs","StructureDefinition/us-core-vital-signs","UCUM"
http://hl7.org/fhir/us/core/ValueSet/us-core-condition-code,5.0.1,active,,USCoreConditionCodes,US Core Condition Codes,"This describes the problem. Diagnosis/Problem List is broadly defined as a series of brief statements that catalog a patient's medical, nursing, dental, social, preventative and psychiatric events and issues that are relevant to that patient's healthcare (e.g., signs, symptoms, and defined conditions). ICD-10 is appropriate for Diagnosis information, and ICD-9 for historical information.","StructureDefinition/us-core-medicationrequest","SCT,FHIR,hl7.terminology.r4"
http://hl7.org/fhir/us/core/ValueSet/us-core-documentreference-category,5.0.1,active,,USCoreDocumentReferenceCategory,US Core DocumentReference Category,"The US Core DocumentReferences Category Value Set is a 'starter set' of categories supported for fetching and storing clinical notes.","StructureDefinition/us-core-documentreference","hl7.fhir.us.core"
http://hl7.org/fhir/us/core/ValueSet/us-core-documentreference-type,5.0.1,active,,USCoreDocumentReferenceType,US Core DocumentReference Type,"The US Core DocumentReference Type Value Set includes all LOINC  values whose SCALE is DOC in the LOINC database and the HL7 v3 Code System NullFlavor concept 'unknown'","StructureDefinition/us-core-documentreference","THO (V3),LOINC"
http://terminology.hl7.org/ValueSet/USPS-State,1.0.0,active,,UspsTwoLetterAlphabeticCodes,USPS Two Letter Alphabetic Codes,"This value set defines two letter USPS alphabetic codes.","StructureDefinition/us-core-organization","Other"
http://terminology.hl7.org/ValueSet/v3-HL7FormatCodes,2.1.0,active,"2.16.840.1.113883.11.19752",HL7FormatCodes,HL7 ValueSet of Format Codes for use with Document Sharing,"The HL7-FormatCodes value set is defined to be the set of FormatCode(s) defined by implementation guides published by HL7 and other SDOs. The use of a formatCode from the FormatCodes value set specifies the technical format that a document conforms to. The formatCode is a further specialization more detailed than the mime-type. The formatCode provides sufficient information to allow any potential document content consumer to know if it can process and/or display the content of the document based on the document encoding, structure and template conformance indicated by the formatCode. The set of formatCodes is intended to be extensible. The Content Logical Description is defined intentionally to permit formatCodes defined by other Standards Development Organizations to be added by inclusion of additional formatCode Code Systems.","StructureDefinition/us-core-adi-documentreference,StructureDefinition/us-core-documentreference","THO (V3),Other"
